{
  "Get List User" : {
    "transaction" : "Get List User",
    "sampleCount" : 17,
    "errorCount" : 0,
    "errorPct" : 0.0,
    "meanResTime" : 35.64705882352941,
    "medianResTime" : 34.0,
    "minResTime" : 28.0,
    "maxResTime" : 63.0,
    "pct1ResTime" : 46.999999999999986,
    "pct2ResTime" : 63.0,
    "pct3ResTime" : 63.0,
    "throughput" : 2.4195844007970395,
    "receivedKBytesPerSec" : 3.719443851409052,
    "sentKBytesPerSec" : 0.7395799975092514
  },
  "Total" : {
    "transaction" : "Total",
    "sampleCount" : 54,
    "errorCount" : 0,
    "errorPct" : 0.0,
    "meanResTime" : 398.85185185185196,
    "medianResTime" : 410.5,
    "minResTime" : 28.0,
    "maxResTime" : 1893.0,
    "pct1ResTime" : 623.5,
    "pct2ResTime" : 737.75,
    "pct3ResTime" : 1893.0,
    "throughput" : 5.168453292496172,
    "receivedKBytesPerSec" : 26.788451587624426,
    "sentKBytesPerSec" : 1.7330993371937211
  },
  "Create User" : {
    "transaction" : "Create User",
    "sampleCount" : 16,
    "errorCount" : 0,
    "errorPct" : 0.0,
    "meanResTime" : 413.75,
    "medianResTime" : 406.5,
    "minResTime" : 399.0,
    "maxResTime" : 458.0,
    "pct1ResTime" : 457.3,
    "pct2ResTime" : 458.0,
    "pct3ResTime" : 458.0,
    "throughput" : 2.346041055718475,
    "receivedKBytesPerSec" : 2.5578205186950145,
    "sentKBytesPerSec" : 0.9759897360703812
  },
  "Home Page" : {
    "transaction" : "Home Page",
    "sampleCount" : 21,
    "errorCount" : 0,
    "errorPct" : 0.0,
    "meanResTime" : 681.5238095238094,
    "medianResTime" : 598.0,
    "minResTime" : 579.0,
    "maxResTime" : 1893.0,
    "pct1ResTime" : 891.2000000000002,
    "pct2ResTime" : 1798.3999999999987,
    "pct3ResTime" : 1893.0,
    "throughput" : 2.009954058192956,
    "receivedKBytesPerSec" : 22.617591285413475,
    "sentKBytesPerSec" : 0.5986679567859877
  }
}